dataset_id,revision,recorded_at_utc,file,sha256,language,rows,columns,license,notes
KEVVVV/CMHG,71e854248c3af4f12ad04abfb85848a0d648ae9e,2026-09-19T16:41:07Z,bo/average_score_4_or_higher.csv,497dbc1d5492a9dd1f91a27af7372f3857d031f34ec260819b2db6b9d5746795,bo,2901,id|title|content|title_match_1|title_match_2|tendency|average_score|score_difference,CC BY 4.0,annotated high score
KEVVVV/CMHG,71e854248c3af4f12ad04abfb85848a0d648ae9e,2026-09-19T16:41:07Z,bo/average_score_below_4.csv,087f226f3b8ca966269e606bc628274e56010d6226ce59d006c89e1edd6c8fa6,bo,99,id|title|content|title_match_1|title_match_2|tendency|average_score|score_difference,CC BY 4.0,annotated lower score
KEVVVV/CMHG,71e854248c3af4f12ad04abfb85848a0d648ae9e,2026-09-19T16:41:07Z,mn/average_score_4_or_higher.csv,40d8a3e458195a85347cfc1e8764491630c220863510fd324e6a805d0ac8b2a4,mn,2931,id|title|content|title_match_1|title_match_2|tendency|average_score|score_difference,CC BY 4.0,annotated high score
KEVVVV/CMHG,71e854248c3af4f12ad04abfb85848a0d648ae9e,2026-09-19T16:41:07Z,mn/average_score_below_4.csv,98c36ec49741f13c849c299b842855f777ca3a0d69c534de094b789d515f0ed0,mn,69,id|title|content|title_match_1|title_match_2|tendency|average_score|score_difference,CC BY 4.0,annotated lower score
KEVVVV/CMHG,71e854248c3af4f12ad04abfb85848a0d648ae9e,2026-09-19T16:41:07Z,ug/average_score_4_or_higher.csv,2dcc8e9495f7f07f475e9f2ea941590973016b7a4c46e3145096062e1b26f93c,ug,2949,id|title|content|title_match_1|title_match_2|tendency|average_score|score_difference,CC BY 4.0,annotated high score
KEVVVV/CMHG,71e854248c3af4f12ad04abfb85848a0d648ae9e,2026-09-19T16:41:07Z,ug/average_score_below_4.csv,9e0b57367ea41d655319666c653936c2f56158423df50085b63d92047478264a,ug,51,id|title|content|title_match_1|title_match_2|tendency|average_score|score_difference,CC BY 4.0,annotated lower score
KEVVVV/CMHG,71e854248c3af4f12ad04abfb85848a0d648ae9e,2026-09-19T16:58:31Z,bo/bo-all.csv,41d60cd5a9e7d480bd3f2ded02759b149c5a4478f80cedd48f134ec45c7a0284,bo,98439,id|title|content|url,CC BY 4.0,full raw CSV
KEVVVV/CMHG,71e854248c3af4f12ad04abfb85848a0d648ae9e,2026-09-19T16:58:31Z,mn/mn-all.csv,db11109607b085700143fc8236983c269cb4cc06ce7b2323716ceb01a2c73301,mn,51946,id|title|content|url,CC BY 4.0,full raw CSV
KEVVVV/CMHG,71e854248c3af4f12ad04abfb85848a0d648ae9e,2026-09-19T16:58:31Z,ug/ug-3.csv,1c53272054b3042c9e46c53350c9fea6ffef67f699a5b16046909232bf024467,ug,50600,id|title|content|url,CC BY 4.0,full raw CSV
